Clade1	Clade2	Type	Count1	Universe1	Count2	Universe2	CommonCount1	CommonCount2	Intersect	CommonUniverse	PHyper	AAConvergeGeneCount	CommonAAConvergeGeneCount	CommonIntersectCount	AAConvergeAndRelaxIntenseConverge	CommonUniverseAA	PHyperAA	PHyperFDR	PHyperAAFDR
Anoplogaster_cornuta	Bassozetus	Relaxed	750	4444	1873	11660	712	539	95	4184	0.36322407956889	66	54	95	2	4184	0.348189778149346	0.473036010601345	0.475576282350326
Anoplogaster_cornuta	Bassozetus	Intensified	755	4444	818	11660	707	268	40	4184	0.835069476805386	66	54	40	2	4184	0.0934543062664526	0.8993055904058	0.183342852669004
Anoplogaster_cornuta	DeepseaAulopiformes	Relaxed	750	4444	2002	11583	709	678	114	4215	0.521032291154389	128	95	114	6	4215	0.042512768587198	0.663132006923767	0.103509349603612
Anoplogaster_cornuta	DeepseaAulopiformes	Intensified	755	4444	1136	11583	730	307	62	4215	0.0975432464221579	128	95	62	1	4215	0.759209068280864	0.180998204575471	0.988737391249497
Anoplogaster_cornuta	DeepseaBeryciformes	Relaxed	750	4444	2346	9048	620	934	202	3769	9.68659171431242e-07	263	137	202	10	3769	0.197151776878987	5.42449136001495e-06	0.334560591067371
Anoplogaster_cornuta	DeepseaBeryciformes	Intensified	755	4444	1988	9048	663	794	211	3769	4.28093192189683e-13	263	137	211	10	3769	0.235589737070853	3.99553646043704e-12	0.376943579313366
Anoplogaster_cornuta	Ilyophis	Relaxed	750	4444	1064	8523	548	349	75	3144	0.0222336323838818	37	29	75	5	3144	0.000512820285222943	0.0498033365398952	0.0017948709982803
Anoplogaster_cornuta	Ilyophis	Intensified	755	4444	518	8523	544	146	23	3144	0.727339239419371	37	29	23	0	3144	1	0.815750324265115	1
Anoplogaster_cornuta	Macrourus_sp	Relaxed	750	4444	310	1718	163	174	39	1001	0.0126372109282825	13	10	39	0	1001	1	0.030768861390601	1
Anoplogaster_cornuta	Macrourus_sp	Intensified	755	4444	296	1718	136	171	29	1001	0.100286756290972	13	10	29	0	1001	1	0.180998204575471	1
Anoplogaster_cornuta	Pachycara	Relaxed	750	4444	635	11613	705	146	32	4153	0.069140562709868	9	5	32	0	4153	1	0.13351281075009	1
Anoplogaster_cornuta	Pachycara	Intensified	755	4444	1493	11613	714	450	82	4153	0.289491627011303	9	5	82	1	4153	0.0949454058464487	0.38598883601507	0.183342852669004
Anoplogaster_cornuta	Pseudoliparis	Relaxed	750	4444	1469	11504	713	427	84	4096	0.10912609490111	34	29	84	4	4096	0.00264470453315663	0.185183676195824	0.00740517269283855
Anoplogaster_cornuta	Pseudoliparis	Intensified	755	4444	2584	11504	704	792	143	4096	0.250668489161032	34	29	143	3	4096	0.0786233357248653	0.350935884825445	0.169342569253556
Bassozetus	DeepseaAulopiformes	Relaxed	1873	11660	2002	11583	1778	1922	589	11044	3.62453120442222e-71	1741	1556	589	179	11044	7.1491701344703e-26	2.02973747447644e-69	4.00353527530337e-24
Bassozetus	DeepseaAulopiformes	Intensified	818	11660	1136	11583	775	1087	134	11044	1.97569742703916e-11	1741	1556	134	22	11044	0.251005013983996	1.58055794163133e-10	0.379899480624426
Bassozetus	DeepseaBeryciformes	Relaxed	1873	11660	2346	9048	1262	2231	391	8602	7.49807174480649e-06	664	561	391	65	8602	1.01918991839465e-12	2.79928011806109e-05	1.42686588575251e-11
Bassozetus	DeepseaBeryciformes	Intensified	818	11660	1988	9048	576	1899	122	8602	0.72006091094002	664	561	122	10	8602	0.272528207671153	0.815750324265115	0.401620516568016
Bassozetus	Ilyophis	Relaxed	1873	11660	1064	8523	1268	1028	280	8133	4.95475267126876e-25	485	433	280	55	8133	6.82786811812192e-18	9.24887165303501e-24	1.91180307307414e-16
Bassozetus	Ilyophis	Intensified	818	11660	518	8523	526	481	52	8133	0.000144125182175687	485	433	52	1	8133	0.94239257928884	0.000448389455657694	1
Bassozetus	Macrourus_sp	Relaxed	1873	11660	310	1718	157	290	26	1597	0.740622095590553	20	17	26	1	1597	0.244568314568565	0.815750324265115	0.379899480624426
Bassozetus	Macrourus_sp	Intensified	818	11660	296	1718	100	279	11	1597	0.976231949596517	20	17	11	0	1597	1	0.998786029931812	1
Bassozetus	Pachycara	Relaxed	1873	11660	635	11613	1800	613	138	11175	1.30197015096061e-05	212	176	138	13	11175	2.51010417437007e-07	4.55689552836215e-05	1.75707292205905e-06
Bassozetus	Pachycara	Intensified	818	11660	1493	11613	775	1438	107	11175	0.22413355270967	212	176	107	7	11175	0.00148245268456782	0.330302077677409	0.00461207501865543
Bassozetus	Pseudoliparis	Relaxed	1873	11660	1469	11504	1788	1406	327	11031	1.15757462691202e-13	518	428	327	43	11031	1.43595708610192e-12	1.29648358214146e-12	1.60827193643415e-11
Bassozetus	Pseudoliparis	Intensified	818	11660	2584	11504	760	2483	198	11031	0.00942887109120254	518	428	198	6	11031	0.785824978645505	0.0251436562432068	1
DeepseaAulopiformes	DeepseaBeryciformes	Relaxed	2002	11583	2346	9048	1463	2221	450	8557	3.26955455166573e-06	923	811	450	100	8557	7.27957091854949e-17	1.40842349917908e-05	1.35885323812924e-15
DeepseaAulopiformes	DeepseaBeryciformes	Intensified	1136	11583	1988	9048	726	1898	148	8557	0.897630203049324	923	811	148	11	8557	0.841412417203048	0.948439459825701	1
DeepseaAulopiformes	Ilyophis	Relaxed	2002	11583	1064	8523	1423	1013	285	8214	2.9569209226631e-20	717	625	285	54	8214	1.96254648775982e-10	4.13968929172833e-19	1.8317100552425e-09
DeepseaAulopiformes	Ilyophis	Intensified	1136	11583	518	8523	762	490	73	8214	2.35680790579444e-05	717	625	73	11	8214	0.0212979795017923	7.7636025132052e-05	0.0542130387318349
DeepseaAulopiformes	Macrourus_sp	Relaxed	2002	11583	310	1718	234	286	48	1593	0.155731055226678	34	29	48	3	1593	0.0541901458247611	0.240936987697722	0.126443673591109
DeepseaAulopiformes	Macrourus_sp	Intensified	1136	11583	296	1718	117	280	19	1593	0.692703918760007	34	29	19	1	1593	0.296073607080571	0.815750324265115	0.425131333243896
DeepseaAulopiformes	Pachycara	Relaxed	2002	11583	635	11613	1933	593	126	10963	0.0113679608078905	230	198	126	10	10963	9.2084257231429e-05	0.028936627510994	0.000429726533746669
DeepseaAulopiformes	Pachycara	Intensified	1136	11583	1493	11613	1076	1413	155	10963	0.0663251112857141	230	198	155	5	10963	0.149160631860425	0.132650222571428	0.269451464005929
DeepseaAulopiformes	Pseudoliparis	Relaxed	2002	11583	1469	11504	1905	1369	310	10832	1.89302698841471e-07	548	478	310	29	10832	0.000107008983923087	1.17788345945804e-06	0.00046096177689945
DeepseaAulopiformes	Pseudoliparis	Intensified	1136	11583	2584	11504	1062	2442	260	10832	0.061179476061046	548	478	260	22	10832	0.00260565368102766	0.126890765163651	0.00740517269283855
DeepseaBeryciformes	Ilyophis	Relaxed	2346	9048	1064	8523	1681	745	221	6387	0.0160320402130979	276	217	221	23	6387	1.35089472980404e-06	0.0374080938305618	7.56501048690263e-06
DeepseaBeryciformes	Ilyophis	Intensified	1988	9048	518	8523	1415	359	75	6387	0.742915473884301	276	217	75	2	6387	0.729560725822488	0.815750324265115	0.972747634429983
DeepseaBeryciformes	Macrourus_sp	Relaxed	2346	9048	310	1718	330	252	75	1405	0.00677787190311921	67	66	75	7	1405	0.0572171118616926	0.0189780413287338	0.128166330570192
DeepseaBeryciformes	Macrourus_sp	Intensified	1988	9048	296	1718	225	242	63	1405	6.60717059465687e-06	67	66	63	4	1405	0.342911933670383	2.64286823786275e-05	0.475576282350326
DeepseaBeryciformes	Pachycara	Relaxed	2346	9048	635	11613	2215	378	139	8527	1.4530098408964e-06	103	83	139	7	8527	0.00038895002067827	7.39714100819984e-06	0.00145208007719887
DeepseaBeryciformes	Pachycara	Intensified	1988	9048	1493	11613	1910	1064	248	8527	0.234733407079843	103	83	248	5	8527	0.0936577439216082	0.337053097345415	0.183342852669004
DeepseaBeryciformes	Pseudoliparis	Relaxed	2346	9048	1469	11504	2204	968	322	8474	5.46169792062002e-08	252	173	322	14	8474	0.00609334892486508	3.82318854443402e-07	0.0162489304663069
DeepseaBeryciformes	Pseudoliparis	Intensified	1988	9048	2584	11504	1891	1845	428	8474	0.159190509728852	252	173	428	19	8474	0.001130855362931	0.240936987697722	0.00372517060730211
Ilyophis	Macrourus_sp	Relaxed	1064	8523	310	1718	121	211	22	1154	0.553495729973031	10	8	22	0	1154	1	0.67382088866282	1
Ilyophis	Macrourus_sp	Intensified	518	8523	296	1718	57	208	5	1154	0.985924475324529	10	8	5	0	1154	1	0.998786029931812	1
Ilyophis	Pachycara	Relaxed	1064	8523	635	11613	1008	436	59	8093	0.262511430021822	91	83	59	5	8093	0.000325872843161989	0.358552197102977	0.00130349137264796
Ilyophis	Pachycara	Intensified	518	8523	1493	11613	487	994	40	8093	0.998786029931812	91	83	40	0	8093	1	0.998786029931812	1
Ilyophis	Pseudoliparis	Relaxed	1064	8523	1469	11504	1021	987	152	8008	0.00516343521752012	229	165	152	14	8008	2.65039870877147e-06	0.0152185459042698	1.34929388810184e-05
Ilyophis	Pseudoliparis	Intensified	518	8523	2584	11504	485	1823	120	8008	0.154918799754487	229	165	120	5	8008	0.101551333676316	0.240936987697722	0.189562489529123
Macrourus_sp	Pachycara	Relaxed	310	1718	635	11613	281	56	10	1579	0.551801713153217	6	4	10	0	1579	1	0.67382088866282	1
Macrourus_sp	Pachycara	Intensified	296	1718	1493	11613	275	116	25	1579	0.137918459047479	6	4	25	0	1579	1	0.22715981490173	1
Macrourus_sp	Pseudoliparis	Relaxed	310	1718	1469	11504	284	160	37	1567	0.054935162690941	10	8	37	1	1567	0.174359094653879	0.118321888872796	0.305128415644289
Macrourus_sp	Pseudoliparis	Intensified	296	1718	2584	11504	275	248	51	1567	0.103427545471698	10	8	51	1	1567	0.233027617202322	0.180998204575471	0.376943579313366
Pachycara	Pseudoliparis	Relaxed	635	11613	1469	11504	591	1402	175	11081	1.56513447324061e-29	344	283	175	18	11081	5.06540678212447e-07	4.38237652507369e-28	3.15180866443301e-06
Pachycara	Pseudoliparis	Intensified	1493	11613	2584	11504	1415	2503	388	11081	2.87236428489383e-06	344	283	388	29	11081	2.0158908066823e-07	1.34043666628379e-05	1.61271264534584e-06
